"Date","Day","Status","Week","Sequence","IS","ML","ML(Lab)","BDE","RM","RM(Lab)","ADS","ADS(Lab)"
"7/21/2026","Tuesday","Working day","Wk 1","Day 1","","","","","","","2",""
"7/22/2026","Wednesday","Working day","Wk 1","Day 2","","2","2","","","","1",""
"7/23/2026","Thursday","Working day","Wk 1","Day 3","1","1","","2","","","1",""
"7/24/2026","Friday","Working day","Wk 1","Day 4","2","1","","","1","","",""
"7/25/2026","Saturday","Holiday","Wk 0","-","","","","","","","",""
"7/26/2026","Sunday","Holiday","Wk 0","-","","","","","","","",""
"7/27/2026","Monday","Working day","Wk 1","Day 5","1","","","1","2","2","","2"
"7/28/2026","Tuesday","Working day","Wk 2","Day 1","","","","","","","2",""
"7/29/2026","Wednesday","Working day","Wk 2","Day 2","","2","2","","","","1",""
"7/30/2026","Thursday","Working day","Wk 2","Day 3","1","1","","2","","","1",""
"7/31/2026","Friday","Working day","Wk 2","Day 4","2","1","","","1","","",""
"8/1/2026","Saturday","Holiday","Wk 0","-","","","","","","","",""
"8/2/2026","Sunday","Holiday","Wk 0","-","","","","","","","",""
"8/3/2026","Monday","Working day","Wk 2","Day 5","1","","","1","2","2","","2"
"8/4/2026","Tuesday","Working day","Wk 3","Day 1","","","","","","","2",""
"8/5/2026","Wednesday","Working day","Wk 3","Day 2","","2","2","","","","1",""
"8/6/2026","Thursday","Working day","Wk 3","Day 3","1","1","","2","","","1",""
"8/7/2026","Friday","Working day","Wk 3","Day 4","2","1","","","1","","",""
"8/8/2026","Saturday","Holiday","Wk 0","-","","","","","","","",""
"8/9/2026","Sunday","Holiday","Wk 0","-","","","","","","","",""
"8/10/2026","Monday","Working day","Wk 3","Day 5","1","","","1","2","2","","2"
"8/11/2026","Tuesday","Working day","Wk 4","Day 1","","","","","","","2",""
"8/12/2026","Wednesday","Working day","Wk 4","Day 2","","2","2","","","","1",""
"8/13/2026","Thursday","Working day","Wk 4","Day 3","1","1","","2","","","1",""
"8/14/2026","Friday","Working day","Wk 4","Day 4","2","1","","","1","","",""
"8/15/2026","Saturday","Holiday","Wk 0","-","","","","","","","",""
"8/16/2026","Sunday","Holiday","Wk 0","-","","","","","","","",""
"8/17/2026","Monday","Working day","Wk 4","Day 5","1","","","1","2","2","","2"
"8/18/2026","Tuesday","Working day","Wk 5","Day 1","","","","","","","2",""
"8/19/2026","Wednesday","Working day","Wk 5","Day 2","","2","2","","","","1",""
"8/20/2026","Thursday","Working day","Wk 5","Day 3","1","1","","2","","","1",""
"8/21/2026","Friday","Working day","Wk 5","Day 4","2","1","","","1","","",""
"8/22/2026","Saturday","Holiday","Wk 0","-","","","","","","","",""
"8/23/2026","Sunday","Holiday","Wk 0","-","","","","","","","",""
"8/24/2026","Monday","Working day","Wk 5","Day 5","1","","","1","2","2","","2"
"8/25/2026","Tuesday","Working day","Wk 6","Day 1","","","","","","","2",""
"8/26/2026","Wednesday","Holiday","Wk 0","-","","","","","","","",""
"8/27/2026","Thursday","Working day","Wk 6","Day 2","","2","2","","","","1",""
"8/28/2026","Friday","Working day","Wk 6","Day 3","1","1","","2","","","1",""
"8/29/2026","Saturday","Holiday","Wk 0","-","","","","","","","",""
"8/30/2026","Sunday","Holiday","Wk 0","-","","","","","","","",""
"8/31/2026","Monday","Working day","Wk 6","Day 4","2","1","","","1","","",""
"9/1/2026","Tuesday","Working day","Wk 6","Day 5","1","","","1","2","2","","2"
"9/2/2026","Wednesday","Working day","Wk 7","Day 1","","","","","","","2",""
"9/3/2026","Thursday","Working day","Wk 7","Day 2","","2","2","","","","1",""
"9/4/2026","Friday","Holiday","Wk 0","-","","","","","","","",""
"9/5/2026","Saturday","Holiday","Wk 0","-","","","","","","","",""
"9/6/2026","Sunday","Holiday","Wk 0","-","","","","","","","",""
"9/7/2026","Monday","Working day","Wk 7","Day 3","1","1","","2","","","1",""
"9/8/2026","Tuesday","Working day","Wk 7","Day 4","2","1","","","1","","",""
"9/9/2026","Wednesday","Working day","Wk 7","Day 5","1","","","1","2","2","","2"
"9/10/2026","Thursday","Working day","Wk 8","Day 1","","","","","","","2",""
"9/11/2026","Friday","Working day","Wk 8","Day 2","","2","2","","","","1",""
"9/12/2026","Saturday","Holiday","Wk 0","-","","","","","","","",""
"9/13/2026","Sunday","Holiday","Wk 0","-","","","","","","","",""
"9/14/2026","Monday","Holiday","Wk 0","-","","","","","","","",""
"9/15/2026","Tuesday","Working day","Wk 8","Day 3","1","1","","2","","","1",""
"9/16/2026","Wednesday","Working day","Wk 8","Day 4","2","1","","","1","","",""
"9/17/2026","Thursday","Working day","Wk 8","Day 5","1","","","1","2","2","","2"
"9/18/2026","Friday","Working day","Wk 9","Day 1","","","","","","","2",""
"9/19/2026","Saturday","Holiday","Wk 0","-","","","","","","","",""
"9/20/2026","Sunday","Holiday","Wk 0","-","","","","","","","",""
"9/21/2026","Monday","Working day","Wk 9","Day 2","","2","2","","","","1",""
"9/22/2026","Tuesday","Working day","Wk 9","Day 3","1","1","","2","","","1",""
"9/23/2026","Wednesday","Working day","Wk 9","Day 4","2","1","","","1","","",""
"9/24/2026","Thursday","Working day","Wk 9","Day 5","1","","","1","2","2","","2"
"9/25/2026","Friday","Working day","Wk 10","Day 1","","","","","","","2",""
"9/26/2026","Saturday","Holiday","Wk 0","-","","","","","","","",""
"9/27/2026","Sunday","Holiday","Wk 0","-","","","","","","","",""
"9/28/2026","Monday","Working day","Wk 10","Day 2","","2","2","","","","1",""
"9/29/2026","Tuesday","Working day","Wk 10","Day 3","1","1","","2","","","1",""
"9/30/2026","Wednesday","Working day","Wk 10","Day 4","2","1","","","1","","",""
"10/1/2026","Thursday","Working day","Wk 10","Day 5","1","","","1","2","2","","2"
"10/2/2026","Friday","Holiday","Wk 0","-","","","","","","","",""
"10/3/2026","Saturday","Holiday","Wk 0","-","","","","","","","",""
"10/4/2026","Sunday","Holiday","Wk 0","-","","","","","","","",""
"10/5/2026","Monday","Working day","Wk 11","Day 1","","","","","","","2",""
"10/6/2026","Tuesday","Working day","Wk 11","Day 2","","2","2","","","","1",""
"10/7/2026","Wednesday","Working day","Wk 11","Day 3","1","1","","2","","","1",""
"10/8/2026","Thursday","Working day","Wk 11","Day 4","2","1","","","1","","",""
"10/9/2026","Friday","Working day","Wk 11","Day 5","1","","","1","2","2","","2"
"10/10/2026","Saturday","Holiday","Wk 0","-","","","","","","","",""
"10/11/2026","Sunday","Holiday","Wk 0","-","","","","","","","",""
"10/12/2026","Monday","Working day","Wk 12","Day 1","","","","","","","2",""
"10/13/2026","Tuesday","Working day","Wk 12","Day 2","","2","2","","","","1",""
"10/14/2026","Wednesday","Working day","Wk 12","Day 3","1","1","","2","","","1",""
"10/15/2026","Thursday","Working day","Wk 12","Day 4","2","1","","","1","","",""
"10/16/2026","Friday","Working day","Wk 12","Day 5","1","","","1","2","2","","2"
"10/17/2026","Saturday","Holiday","Wk 0","-","","","","","","","",""
"10/18/2026","Sunday","Holiday","Wk 0","-","","","","","","","",""
"10/19/2026","Monday","Holiday","Wk 0","-","","","","","","","",""
"10/20/2026","Tuesday","Holiday","Wk 0","-","","","","","","","",""
"10/21/2026","Wednesday","Working day","Wk 13","Day 1","","","","","","","2",""
"10/22/2026","Thursday","Working day","Wk 13","Day 2","","2","2","","","","1",""
"10/23/2026","Friday","Working day","Wk 13","Day 3","1","1","","2","","","1",""
"10/24/2026","Saturday","Holiday","Wk 0","-","","","","","","","",""
"10/25/2026","Sunday","Holiday","Wk 0","-","","","","","","","",""
"10/26/2026","Monday","Working day","Wk 13","Day 4","2","1","","","1","","",""
"10/27/2026","Tuesday","Working day","Wk 13","Day 5","1","","","1","2","2","","2"
"10/28/2026","Wednesday","Working day","Wk 14","Day 1","","","","","","","2",""
"10/29/2026","Thursday","Working day","Wk 14","Day 2","","2","2","","","","1",""
"10/30/2026","Friday","Working day","Wk 14","Day 3","1","1","","2","","","1",""
"10/31/2026","Saturday","Holiday","Wk 0","-","","","","","","","",""
"11/1/2026","Sunday","Holiday","Wk 0","-","","","","","","","",""
"11/2/2026","Monday","Working day","Wk 14","Day 4","2","1","","","1","","",""
"11/3/2026","Tuesday","Working day","Wk 14","Day 5","1","","","1","2","2","","2"
"11/4/2026","Wednesday","Working day","Wk 15","Day 1","","","","","","","2",""
"11/5/2026","Thursday","Working day","Wk 15","Day 2","","2","2","","","","1",""
"11/6/2026","Friday","Working day","Wk 15","Day 3","1","1","","2","","","1",""
"11/7/2026","Saturday","Holiday","Wk 0","-","","","","","","","",""
"11/8/2026","Sunday","Holiday","Wk 0","-","","","","","","","",""
"11/9/2026","Monday","Working day","Wk 15","Day 4","2","1","","","1","","",""
"11/10/2026","Tuesday","Working day","Wk 15","Day 5","1","","","1","2","2","","2"
"11/11/2026","Wednesday","Working day","Wk 16","Day 1","","","","","","","2",""
"11/12/2026","Thursday","Working day","Wk 16","Day 2","","2","2","","","","1",""
"11/13/2026","Friday","Working day","Wk 16","Day 3","1","1","","2","","","1",""
"11/14/2026","Saturday","Holiday","Wk 0","-","","","","","","","",""
"11/15/2026","Sunday","Holiday","Wk 0","-","","","","","","","",""
"11/16/2026","Monday","Working day","Wk 16","Day 4","2","1","","","1","","",""
"11/17/2026","Tuesday","Working day","Wk 16","Day 5","1","","","1","2","2","","2"
"11/18/2026","Wednesday","Working day","Wk 17","Day 1","","","","","","","2",""
"11/19/2026","Thursday","Working day","Wk 17","Day 2","","2","2","","","","1",""
"11/20/2026","Friday","Working day","Wk 17","Day 3","1","1","","2","","","1",""
